,ADNET,INTERNAL,ADNET VOLUME,INTERNAL VOLUME,,,,,,,,,,,,,
8/11/2020,best dental implant dentists near me,dental implant,affordable dental implants {geo},{geo}dental implants,,,,,,,,,,,,,
8/11/2020,best dental implant dentists {geo},dental implant same day,{geo}dental implants,dental implants {geo},,,,,,,,,,,,,
8/11/2020,affordable dental implants {geo},dental implants near me,affordable dental implants near you,dental implants near me,,,,,,,,,,,,,
8/11/2020,affordable dental implants near you,titanium dental implant,best dental implant dentists {geo},{geo}dentist,,,,,,,,,,,,,
8/11/2020,dental implants {geo},best dental implant dentist,dental implants {geo},best dental implant dentist,,,,,,,,,,,,,
8/11/2020,1.07,immediate dental implant,best dental implant dentists near me,cost of full mouth dental implants,,,,,,,,,,,,,
8/11/2020,affordable senior dental implants,{geo}dentist,prices for dental implants,immediate dental implant,,,,,,,,,,,,,
8/11/2020,affordable dental implants,{geo}all on 4 dental implants,{geo}dental implant pricing,{geo}dental implant pricing,,,,,,,,,,,,,
8/11/2020,{geo}affordable dental implants,dental implants {geo},{geo}dental implant cost,{geo}dental implant cost,,,,,,,,,,,,,
8/11/2020,{geo}dental implant cost,all-on-4 dental implants,affordable dental implants,dental implant same day,,,,,,,,,,,,,
8/11/2020,full mouth dental implants,same day dental implants,{geo}affordable dental implants,dental implant cost,,,,,,,,,,,,,
8/11/2020,cost for dental implants,affordable dental implants,cost for dental implants,{geo}affordable dental implants,,,,,,,,,,,,,
8/11/2020,{geo}dental implants,{geo}affordable dental implants,affordable senior dental implants,all-on-4 dental implants,,,,,,,,,,,,,
8/11/2020,{geo}dental implant pricing,1.01,dental implant pricing,dental implant,,,,,,,,,,,,,
8/11/2020,prices for dental implants,affordable senior dental implants,dental implant average cost,affordable dental implants,,,,,,,,,,,,,
8/11/2020,dental implant cost,{geo}dental implants,full mouth dental implants,titanium dental implant,,,,,,,,,,,,,
8/11/2020,dental implant average cost,dental implant cost,dental implant cost,how much do dental implants cost,,,,,,,,,,,,,
8/11/2020,best dental implant prices,{geo}dental implant cost,price of dental implants,{geo}all on 4 dental implants,,,,,,,,,,,,,
8/11/2020,dental implant pricing,{geo}dental implant pricing,best dental implant prices,affordable senior dental implants,,,,,,,,,,,,,
8/11/2020,average cost of dental implants,cost of full mouth dental implants,average cost of dental implants,same day dental implants,,,,,,,,,,,,,
8/11/2020,price of dental implants,how much do dental implants cost,,,,,,,,,,,,,,,
,,,,,,,,,,,,,,,,,
,,,,,,,,,,,,,,,,,
,ADNET RPC,INTERNAL RPC,ADNET LANDS,INTERNAL LANDS,,,,,,,,,,,,,
8/25/2020,best dental implant dentists near me,dental implants near me,affordable dental implants {geo},{geo}dental implants,,,,,,,,,,,,,
8/25/2020,best dental implant dentists {geo},dental implant,{geo}dental implants,dental implants {geo},,,,,,,,,,,,,
8/25/2020,dental implants near me,all-on-4 dental implants,affordable dental implants near you,{geo}dentist,,,,,,,,,,,,,
8/25/2020,affordable dental implants {geo},titanium dental implant,dental implants {geo},dental implants near me,,,,,,,,,,,,,
8/25/2020,affordable dental implants near you,all on 4 dental implants,best dental implant dentists near me,best dental implant dentist,,,,,,,,,,,,,
8/25/2020,affordable senior dental implants,best dental implant dentist,best dental implant dentists {geo},{geo}dental implant cost,,,,,,,,,,,,,
8/25/2020,dental implants {geo},immediate dental implant,prices for dental implants,immediate dental implant,,,,,,,,,,,,,
8/25/2020,1.1,{geo}all on 4 dental implants,full mouth dental implants,dental implant cost,,,,,,,,,,,,,
8/25/2020,low cost dental implants {geo},dental implant same day,dental implant cost {geo},{geo}dental implant pricing,,,,,,,,,,,,,
8/25/2020,full mouth dental implants,{geo}dentist,dental implant cost near me,{geo}affordable dental implants,,,,,,,,,,,,,
8/25/2020,low cost dental implants near me,dental implants {geo},low cost dental implants {geo},all-on-4 dental implants,,,,,,,,,,,,,
8/25/2020,dental implant cost near me,local dental implants,{geo}dental implant pricing,dental implant same day,,,,,,,,,,,,,
8/25/2020,dental implant cost {geo},dental implants,dental implant average cost,affordable dental implants,,,,,,,,,,,,,
8/25/2020,{geo}dental implant cost,dental implant options,{geo}dental implant cost,titanium dental implant,,,,,,,,,,,,,
8/25/2020,{geo}dental implants,same day dental implants,affordable dental implants,{geo}all on 4 dental implants,,,,,,,,,,,,,
8/25/2020,prices for dental implants,affordable dental implants,{geo}affordable dental implants,dental implant,,,,,,,,,,,,,
8/25/2020,dental implant price,{geo}affordable dental implants,average cost of dental implants,all on 4 dental implants,,,,,,,,,,,,,
8/25/2020,dental implant average cost,discount dental implants,cost for dental implants,cost of full mouth dental implants,,,,,,,,,,,,,
8/25/2020,affordable dental implants,1.1,dental implant pricing,best dental implants {geo},,,,,,,,,,,,,
8/25/2020,{geo}affordable dental implants,{geo}dental implants,low cost dental implants near me,discount dental implants,,,,,,,,,,,,,
,,,,,,,,,,,,,,,,,
,,,,,,,,,,,,,,,,,
,,,,,,,,,,,,,,,,,
,,,,,,,,,,,,,,,,,
,,,,,,,,,,,,,,,,,
,,,,,,,,,,,,,,,,,
,,,,,,,,,,,,,,,,,
,,,,,,,,,,,,,,,,,
,,,,,,,,,,,,,,,,,
,,,,,,,,,,,,,,,,,
,,,,,,,,,,,,,,,,,
,,,,,,,,,,,,,,,,,
,,,,,,,,,,,,,,,,,
,ADNET,INTERNAL,ADNET VOLUME,INTERNAL VOLUME,,,,,,,,,,,,,
8/31/2020,best dental implant dentists near me,dental implant,affordable dental implants near you,best dental implant dentist,,,,,,,,,,,,,
8/31/2020,{geo} dental implants,best dental implant dentist,best dental implant dentists near me,immediate dental implant,,,,,,,,,,,,,
8/31/2020,affordable dental implants {geo},immediate dental implant,affordable dental implants {geo},dental implants near me,,,,,,,,,,,,,
8/31/2020,dental implants {geo},dental implants near me,dental implants {geo},dental implant,,,,,,,,,,,,,
8/31/2020,{geo} dental implant cost,best dental implants {geo},prices for dental implants,all on 4 dental implants,,,,,,,,,,,,,
8/31/2020,1.1,latest in dental implants,affordable dental implants,dental implant cost,,,,,,,,,,,,,
8/31/2020,cost for dental implants,same day dental implants,dental implant average cost,all-on-4 dental implants,,,,,,,,,,,,,
8/31/2020,affordable dental implants near you,{geo} dental implants,full mouth dental implants,titanium dental implant,,,,,,,,,,,,,
8/31/2020,prices for dental implants,titanium dental implant,best dental implant prices,dental implants,,,,,,,,,,,,,
8/31/2020,dental implants price,all on 4 dental implants,cost for dental implants,affordable dental implants,,,,,,,,,,,,,
8/31/2020,affordable dental implants,affordable dental implants,dental implants price,dental implant options,,,,,,,,,,,,,
8/31/2020,dental implant price,dental implants,dental implant cost near me,affordable senior dental implants,,,,,,,,,,,,,
8/31/2020,affordable senior dental implants,1.1,affordable senior dental implants,latest in dental implants,,,,,,,,,,,,,
8/31/2020,price of dental implants,dental implant cost,dental implant pricing,how much do dental implants cost,,,,,,,,,,,,,
8/31/2020,dental implant average cost,local dental implants,cost of full mouth dental implants,best dental implant prices,,,,,,,,,,,,,
8/31/2020,dental implant pricing,dental implant same day,price of dental implants,same day dental implants,,,,,,,,,,,,,
8/31/2020,best dental implant prices,affordable senior dental implants,average cost of dental implants,{geo} dental implants,,,,,,,,,,,,,
8/31/2020,full mouth dental implants,best dental implant prices,{geo} dental implants,local dental implants,,,,,,,,,,,,,
8/31/2020,dental implant cost near me,all-on-4 dental implants,{geo} dental implant cost,dental implant same day,,,,,,,,,,,,,
8/31/2020,average cost of dental implants,dental implant options,dental implant price,best dental implants {geo},,,,,,,,,,,,,
8/31/2020,cost of full mouth dental implants,how much do dental implants cost,,,,,,,,,,,,,,,
,,,,,,,,,,,,,,,,,
,,,,,,,,,,,,,,,,,
,ADNET,INTERNAL,ADNET VOLUME,INTERNAL VOLUME,,,,,,,,,,,,,
9/6/2020,best dental implant dentists near me,dental implants near me,best dental implant dentists near me,best dental implant dentist,,,,,,,,,,,,,
9/6/2020,{geo} dental implants,immediate dental implant,affordable dental implants near you,immediate dental implant,,,,,,,,,,,,,
9/6/2020,dental implants near me,best dental implant dentist,affordable dental implants {geo},dental implants near me,,,,,,,,,,,,,
9/6/2020,affordable dental implants {geo},dental implant same day,dental implants {geo},dental implant cost,,,,,,,,,,,,,
9/6/2020,dental implants {geo},dental implant,prices for dental implants,affordable dental implants,,,,,,,,,,,,,
9/6/2020,{geo} dental implant pricing,same day dental implants,dental implants near me,dental implant,,,,,,,,,,,,,
9/6/2020,1.22,local dental implants,cost for dental implants,cost of full mouth dental implants,,,,,,,,,,,,,
9/6/2020,affordable dental implants near you,affordable dental implants,dental implant average cost,dental implant same day,,,,,,,,,,,,,
9/6/2020,cost for dental implants,{geo} dental implants,full mouth dental implants,affordable senior dental implants,,,,,,,,,,,,,
9/6/2020,affordable senior dental implants,titanium dental implant,dental implant cost near me,same day dental implants,,,,,,,,,,,,,
9/6/2020,{geo} dental implant cost,dental implants,affordable dental implants,dental implants,,,,,,,,,,,,,
9/6/2020,prices for dental implants,all-on-4 dental implants,affordable senior dental implants,titanium dental implant,,,,,,,,,,,,,
9/6/2020,full mouth dental implants,all on 4 dental implants,dental implant pricing,all on 4 dental implants,,,,,,,,,,,,,
9/6/2020,dental implant average cost,latest in dental implants,dental implants price,{geo} dental implants,,,,,,,,,,,,,
9/6/2020,affordable dental implants,1.12,{geo} dental implants,all-on-4 dental implants,,,,,,,,,,,,,
9/6/2020,dental implant cost near me,affordable senior dental implants,{geo} dental implant cost,how much do dental implants cost,,,,,,,,,,,,,
9/6/2020,dental implants price,full mouth dental implants,{geo} dental implant pricing,latest in dental implants,,,,,,,,,,,,,
9/6/2020,full dental implants cost,dental implant cost,best dental implant prices,all on four dental implants,,,,,,,,,,,,,
9/6/2020,dental implant pricing,all on four dental implants,cost of full mouth dental implants,full mouth dental implants,,,,,,,,,,,,,
9/6/2020,best dental implant prices,cost of full mouth dental implants,full dental implants cost,local dental implants,,,,,,,,,,,,,
9/6/2020,cost of full mouth dental implants,how much do dental implants cost,,,,,,,,,,,,,,,
,,,,,,,,,,,,,,,,,
,,,,,,,,,,,,,,,,,
,ADNET,INTERNAL,ADNET VOLUME,INTERNAL VOLUME,,,,,,,,,,,,,
9/14/2020,dental implants near me,dental implants near me,affordable dental implants near you,dental implant cost,,,,,,,,,,,,,
9/14/2020,best dental implant dentists near me,dental implant,best dental implant dentists near me,dental implants near me,,,,,,,,,,,,,
9/14/2020,{geo} dental implants,dental implant same day,affordable dental implants {geo},best dental implant dentist,,,,,,,,,,,,,
9/14/2020,dental implants {geo},immediate dental implant,dental implants {geo},cost of full mouth dental implants,,,,,,,,,,,,,
9/14/2020,affordable dental implants {geo},dental implants,prices for dental implants,immediate dental implant,,,,,,,,,,,,,
9/14/2020,affordable dental implants near you,all-on-4 dental implants,full mouth dental implants,affordable dental implants,,,,,,,,,,,,,
9/14/2020,1.22,best dental implant dentist,cost for dental implants,{geo} dental implants,,,,,,,,,,,,,
9/14/2020,affordable senior dental implants,titanium dental implant,dental implant average cost,dental implant same day,,,,,,,,,,,,,
9/14/2020,cost for dental implants,{geo} dental implants,affordable dental implants,dental implant,,,,,,,,,,,,,
9/14/2020,affordable dental implants,affordable dental implants,dental implant cost near me,all on four dental implants,,,,,,,,,,,,,
9/14/2020,full mouth dental implants,affordable senior dental implants,dental implants near me,all-on-4 dental implants,,,,,,,,,,,,,
9/14/2020,prices for dental implants,low cost dental implants,dental implant pricing,affordable senior dental implants,,,,,,,,,,,,,
9/14/2020,low cost dental implants near me,1.09,dental implants price,dental implants,,,,,,,,,,,,,
9/14/2020,dental implant average cost,dental implant cost,full dental implants cost,{geo} dental implant pricing,,,,,,,,,,,,,
9/14/2020,dental implant cost near me,dental implant pricing,best dental implant prices,low cost dental implants,,,,,,,,,,,,,
9/14/2020,dental implants price,full dental implants cost,affordable senior dental implants,titanium dental implant,,,,,,,,,,,,,
9/14/2020,dental implant pricing,dental implants cost per tooth,average cost of dental implants,how much do dental implants cost,,,,,,,,,,,,,
9/14/2020,best dental implant prices,all on four dental implants,low cost dental implants near me,full dental implants cost,,,,,,,,,,,,,
9/14/2020,full dental implants cost,{geo} dental implant pricing,cost of full mouth dental implants,dental implants cost per tooth,,,,,,,,,,,,,
9/14/2020,cost of full mouth dental implants,cost of full mouth dental implants,{geo} dental implants,dental implant pricing,,,,,,,,,,,,,
9/14/2020,average cost of dental implants,how much do dental implants cost,,,,,,,,,,,,,,,
,,,,,,,,,,,,,,,,,
,,,,,,,,,,,,,,,,,
,ADNET,INTERNAL,ADNET VOLUME,INTERNAL VOLUME,,,,,,,,,,,,,
9/21/2020,best dental implant dentists near me,dental implants near me,affordable dental implants near you,dental implants near me,,,,,,,,,,,,,
9/21/2020,affordable dental implants {geo},dental implant,best dental implant dentists near me,dental implant cost,,,,,,,,,,,,,
9/21/2020,dental implants {geo},dental implant same day,affordable dental implants {geo},best dental implant dentist,,,,,,,,,,,,,
9/21/2020,1.24,immediate dental implant,dental implants {geo},immediate dental implant,,,,,,,,,,,,,
9/21/2020,affordable dental implants,discount dental implants,affordable dental implants,cost of full mouth dental implants,,,,,,,,,,,,,
9/21/2020,affordable dental implants near you,dental implants,prices for dental implants,affordable dental implants,,,,,,,,,,,,,
9/21/2020,affordable senior dental implants,affordable dental implants,cost for dental implants,{geo} dental implants,,,,,,,,,,,,,
9/21/2020,cost for dental implants,all-on-4 dental implants,dental implant pricing,dental implant same day,,,,,,,,,,,,,
9/21/2020,dental implants,titanium dental implant,full mouth dental implants,dental implants,,,,,,,,,,,,,
9/21/2020,dental implants price,dental implant options,dental implant average cost,titanium dental implant,,,,,,,,,,,,,
9/21/2020,prices for dental implants,affordable senior dental implants,dental implants price,all-on-4 dental implants,,,,,,,,,,,,,
9/21/2020,dental implant price,best dental implant dentist,best dental implant prices,dental implant,,,,,,,,,,,,,
9/21/2020,full mouth dental implants,{geo} dental implants,average cost of dental implants,affordable senior dental implants,,,,,,,,,,,,,
9/21/2020,dental implant average cost,1.1,dental implant price,all on four dental implants,,,,,,,,,,,,,
9/21/2020,dental implant cost,low cost dental implants,full dental implants cost,dental implant options,,,,,,,,,,,,,
9/21/2020,dental implant pricing,dental implants cost per tooth,price of dental implants,how much do dental implants cost,,,,,,,,,,,,,
9/21/2020,full dental implants cost,dental implant cost,cost of full mouth dental implants,{geo} dental implant pricing,,,,,,,,,,,,,
9/21/2020,best dental implant prices,all on four dental implants,affordable senior dental implants,low cost dental implants,,,,,,,,,,,,,
9/21/2020,price of dental implants,cost of full mouth dental implants,dental implant cost,discount dental implants,,,,,,,,,,,,,
9/21/2020,average cost of dental implants,{geo} dental implant pricing,dental implants,dental implants cost per tooth,,,,,,,,,,,,,
9/21/2020,cost of full mouth dental implants,how much do dental implants cost,,,,,,,,,,,,,,,
,,,,,,,,,,,,,,,,,
,,,,,,,,,,,,,,,,,
,ADNET,INTERNAL,ADNET VOLUME,INTERNAL VOLUME,,,,,,,,,,,,,
9/28/2020,best dental implant dentists near me,dental implants near me,affordable dental implants near you,cost of full mouth dental implants,,,,,,,,,,,,,
9/28/2020,affordable dental implants {geo},dental implant same day,best dental implant dentists near me,affordable dental implants,,,,,,,,,,,,,
9/28/2020,dental implants {geo},affordable dental implants,affordable dental implants {geo},dental implants near me,,,,,,,,,,,,,
9/28/2020,{geo} dental implants,immediate dental implant,dental implants {geo},dental implant cost,,,,,,,,,,,,,
9/28/2020,affordable dental implants,local dental implants,affordable dental implants,how much do dental implants cost,,,,,,,,,,,,,
9/28/2020,1.33,latest in dental implants,prices for dental implants,best dental implant dentist,,,,,,,,,,,,,
9/28/2020,affordable dental implants near you,best dental implant dentist,cost for dental implants,{geo} dental implants,,,,,,,,,,,,,
9/28/2020,affordable senior dental implants,dental implant cost,dental implant pricing,discount dental implants,,,,,,,,,,,,,
9/28/2020,dental implant cost,discount dental implants,dental implant average cost,immediate dental implant,,,,,,,,,,,,,
9/28/2020,cost for dental implants,affordable senior dental implants,best dental implant prices,dental implants cost per tooth,,,,,,,,,,,,,
9/28/2020,dental implant average cost,{geo} dental implants,full dental implants cost,affordable senior dental implants,,,,,,,,,,,,,
9/28/2020,prices for dental implants,1.15,average cost of dental implants,all on four dental implants,,,,,,,,,,,,,
9/28/2020,full dental implants cost,dental implants cost per tooth,cost of full mouth dental implants,dental implant same day,,,,,,,,,,,,,
9/28/2020,dental implant pricing,dental implant options,dental implants price,{geo} dental implant pricing,,,,,,,,,,,,,
9/28/2020,average cost of dental implants,titanium dental implant,dental implants,local dental implants,,,,,,,,,,,,,
9/28/2020,dental implants price,{geo} dental implant pricing,full mouth dental implants,latest in dental implants,,,,,,,,,,,,,
9/28/2020,best dental implant prices,all on four dental implants,affordable senior dental implants,titanium dental implant,,,,,,,,,,,,,
9/28/2020,dental implants,cost of full mouth dental implants,price of dental implants,cost of full dental implants,,,,,,,,,,,,,
9/28/2020,price of dental implants,best dental implant prices,dental implant cost,best dental implant prices,,,,,,,,,,,,,
9/28/2020,full mouth dental implants,how much do dental implants cost,{geo} dental implants,dental implant options,,,,,,,,,,,,,
9/28/2020,cost of full mouth dental implants,cost of full dental implants,,,,,,,,,,,,,,,
,,,,,,,,,,,,,,,,,
,,,,,,,,,,,,,,,,,
,ADNET,INTERNAL,ADNET VOLUME,INTERNAL VOLUME,,,,,,,,,,,,,
10/5/2020,{geo} dental implants,immediate dental implant,affordable dental implants near you,dental implants near me,,,,,,,,,,,,,
10/5/2020,affordable dental implants {geo},dental implants near me,best dental implant dentists near me,best dental implant dentist,,,,,,,,,,,,,
10/5/2020,dental implants {geo},dental implant same day,affordable dental implants {geo},affordable dental implants,,,,,,,,,,,,,
10/5/2020,best dental implant dentists near me,best dental implants {geo},dental implants {geo},immediate dental implant,,,,,,,,,,,,,
10/5/2020,affordable dental implants,best dental implant dentist,affordable dental implants,cost of full mouth dental implants,,,,,,,,,,,,,
10/5/2020,1.29,affordable dental implants,prices for dental implants,dental implant cost,,,,,,,,,,,,,
10/5/2020,affordable senior dental implants,{geo} dental implants,dental implant average cost,dental implant same day,,,,,,,,,,,,,
10/5/2020,affordable dental implants near you,local dental implants,dental implant pricing,how much do dental implants cost,,,,,,,,,,,,,
10/5/2020,full mouth dental implants,affordable senior dental implants,cost for dental implants,{geo} dental implants,,,,,,,,,,,,,
10/5/2020,dental implant cost,same day dental implants,full mouth dental implants,all on four dental implants,,,,,,,,,,,,,
10/5/2020,prices for dental implants,discount dental implants,average cost of dental implants,same day dental implants,,,,,,,,,,,,,
10/5/2020,dental implant cost near me,full mouth dental implants,full dental implants cost,affordable senior dental implants,,,,,,,,,,,,,
10/5/2020,dental implant pricing,1.17,best dental implant prices,{geo} dental implant pricing,,,,,,,,,,,,,
10/5/2020,cost for dental implants,latest in dental implants,dental implants,discount dental implants,,,,,,,,,,,,,
10/5/2020,best dental implant prices,{geo} dental implant pricing,dental implants price,local dental implants,,,,,,,,,,,,,
10/5/2020,dental implants,all-on-4 dental implants,affordable senior dental implants,full mouth dental implants,,,,,,,,,,,,,
10/5/2020,dental implants price,dental implants,cost of full mouth dental implants,all-on-4 dental implants,,,,,,,,,,,,,
10/5/2020,dental implant average cost,dental implant cost,dental implant cost,best dental implants {geo},,,,,,,,,,,,,
10/5/2020,average cost of dental implants,all on four dental implants,dental implant cost near me,latest in dental implants,,,,,,,,,,,,,
10/5/2020,full dental implants cost,how much do dental implants cost,{geo} dental implants,dental implants,,,,,,,,,,,,,
10/5/2020,cost of full mouth dental implants,cost of full mouth dental implants,,,,,,,,,,,,,,,
,,,,,,,,,,,,,,,,,
,,,,,,,,,,,,,,,,,
,ADNET,INTERNAL,ADNET VOLUME,INTERNAL VOLUME,,,,,,,,,,,,,
10/12/2020,{geo} dental implants,dental implants near me,affordable dental implants near you,dental implants near me,,,,,,,,,,,,,
10/12/2020,best dental implant dentists near me,immediate dental implant,best dental implant dentists near me,immediate dental implant,,,,,,,,,,,,,
10/12/2020,dental implants {geo},dental implant same day,dental implants {geo},best dental implant dentist,,,,,,,,,,,,,
10/12/2020,affordable dental implants {geo},discount dental implants,affordable dental implants {geo},dental implant cost,,,,,,,,,,,,,
10/12/2020,affordable dental implants,{geo} dental implants,prices for dental implants,affordable dental implants,,,,,,,,,,,,,
10/12/2020,1.25,best dental implant dentist,affordable dental implants,dental implant same day,,,,,,,,,,,,,
10/12/2020,affordable dental implants near you,same day dental implants,full mouth dental implants,same day dental implants,,,,,,,,,,,,,
10/12/2020,affordable senior dental implants,dental implants,price of dental implants,cost of full mouth dental implants,,,,,,,,,,,,,
10/12/2020,dental implant cost,affordable dental implants,cost for dental implants,{geo} dental implants,,,,,,,,,,,,,
10/12/2020,prices for dental implants,all on 4 dental implants,dental implant average cost,full mouth dental implants,,,,,,,,,,,,,
10/12/2020,dental implants,affordable senior dental implants,cost of full mouth dental implants,dental implants,,,,,,,,,,,,,
10/12/2020,dental implant cost near me,1.14,dental implant pricing,all on four dental implants,,,,,,,,,,,,,
10/12/2020,cost for dental implants,all-on-4 dental implants,average cost of dental implants,discount dental implants,,,,,,,,,,,,,
10/12/2020,full mouth dental implants,full mouth dental implants,dental implants,all-on-4 dental implants,,,,,,,,,,,,,
10/12/2020,dental implant pricing,all on four dental implants,dental implant cost near me,how much do dental implants cost,,,,,,,,,,,,,
10/12/2020,price of dental implants,dental implant cost,best dental implant prices,affordable senior dental implants,,,,,,,,,,,,,
10/12/2020,best dental implant prices,prices for dental implants,dental implants price,{geo} dental implant pricing,,,,,,,,,,,,,
10/12/2020,dental implants price,{geo} dental implant pricing,affordable senior dental implants,all on 4 dental implants,,,,,,,,,,,,,
10/12/2020,dental implant average cost,how much do dental implants cost,dental implant cost,cost of full dental implants,,,,,,,,,,,,,
10/12/2020,average cost of dental implants,cost of full dental implants,{geo} dental implants,prices for dental implants,,,,,,,,,,,,,
10/12/2020,cost of full mouth dental implants,cost of full mouth dental implants,,,,,,,,,,,,,,,
,,,,,,,,,,,,,,,,,
,,,,,,,,,,,,,,,,,
,ADNET,INTERNAL,ADNET VOLUME,INTERNAL VOLUME,,,,,,,,,,,,,
10/19/2020,affordable dental implants {geo},same day dental implants,affordable dental implants near you,dental implants near me,,,,,,,,,,,,,
10/19/2020,best dental implant dentists near me,dental implants near me,best dental implant dentists near me,affordable dental implants,,,,,,,,,,,,,
10/19/2020,dental implants {geo},local dental implants,prices for dental implants,dental implant cost,,,,,,,,,,,,,
10/19/2020,dental implants near me,titanium dental implant,affordable dental implants {geo},immediate dental implant,,,,,,,,,,,,,
10/19/2020,affordable dental implants,dental implants,dental implants {geo},best dental implant dentist,,,,,,,,,,,,,
10/19/2020,low cost dental implants near me,dental implant same day,affordable dental implants,cost of full mouth dental implants,,,,,,,,,,,,,
10/19/2020,affordable dental implants near you,{geo} dental implants,cost for dental implants,dental implant same day,,,,,,,,,,,,,
10/19/2020,1.2,discount dental implants,cost of full mouth dental implants,titanium dental implant,,,,,,,,,,,,,
10/19/2020,dental implants,all on 4 dental implants,full mouth dental implants,dental implants,,,,,,,,,,,,,
10/19/2020,prices for dental implants,dental implant options,dental implant average cost,{geo} dental implants,,,,,,,,,,,,,
10/19/2020,dental implant cost,best dental implant dentist,dental implant pricing,full mouth dental implants,,,,,,,,,,,,,
10/19/2020,cost for dental implants,affordable dental implants,price of dental implants,discount dental implants,,,,,,,,,,,,,
10/19/2020,dental implant cost near me,same day dental implants,dental implants,all on 4 dental implants,,,,,,,,,,,,,
10/19/2020,full mouth dental implants,affordable senior dental implants,best dental implant prices,how much do dental implants cost,,,,,,,,,,,,,
10/19/2020,dental implant pricing,1.12,average cost of dental implants,prices for dental implants,,,,,,,,,,,,,
10/19/2020,price of dental implants,dental implant cost,dental implant cost near me,affordable senior dental implants,,,,,,,,,,,,,
10/19/2020,full dental implants cost,full mouth dental implants,full dental implants cost,local dental implants,,,,,,,,,,,,,
10/19/2020,dental implant average cost,all on four dental implants,dental implant cost,dental implant options,,,,,,,,,,,,,
10/19/2020,best dental implant prices,prices for dental implants,low cost dental implants near me,same day dental implants,,,,,,,,,,,,,
10/19/2020,average cost of dental implants,cost of full mouth dental implants,dental implants near me,all on four dental implants,,,,,,,,,,,,,
10/19/2020,cost of full mouth dental implants,how much do dental implants cost,,,,,,,,,,,,,,,
,,,,,,,,,,,,,,,,,
,,,,,,,,,,,,,,,,,
,ADNET,INTERNAL,ADNET VOLUME,INTERNAL VOLUME,,,,,,,,,,,,,
10/26/2020,dental implants near me,immediate dental implant,affordable dental implants near you,prices for dental implants,,,,,,,,,,,,,
10/26/2020,dental implants {geo},dental implants near me,best dental implant dentists near me,cost of full mouth dental implants,,,,,,,,,,,,,
10/26/2020,affordable dental implants {geo},dental implant same day,prices for dental implants,best dental implant dentist,,,,,,,,,,,,,
10/26/2020,best dental implant dentists near me,best dental implant dentist,affordable dental implants {geo},low cost dental implants,,,,,,,,,,,,,
10/26/2020,cost for dental implants,same day dental implants,dental implants {geo},dental implant cost,,,,,,,,,,,,,
10/26/2020,1.28,all on 4 dental implants,best dental implant prices,affordable dental implants,,,,,,,,,,,,,
10/26/2020,affordable dental implants near you,local dental implants,cost for dental implants,how much do dental implants cost,,,,,,,,,,,,,
10/26/2020,prices for dental implants,discount dental implants,affordable dental implants,dental implants near me,,,,,,,,,,,,,
10/26/2020,best dental implant prices,affordable senior dental implants,cost of full mouth dental implants,all on 4 dental implants,,,,,,,,,,,,,
10/26/2020,dental implant cost,affordable dental implants,full mouth dental implants,immediate dental implant,,,,,,,,,,,,,
10/26/2020,dental implant cost near me,all-on-4 dental implants,dental implants,discount dental implants,,,,,,,,,,,,,
10/26/2020,dental implant prices,1.15,average cost of dental implants,local dental implants,,,,,,,,,,,,,
10/26/2020,affordable dental implants,low cost dental implants,dental implant average cost,cost of full dental implants,,,,,,,,,,,,,
10/26/2020,full dental implants cost,prices for dental implants,dental implant cost,dental implant average cost,,,,,,,,,,,,,
10/26/2020,full mouth dental implants,dental implant cost,full dental implants cost,same day dental implants,,,,,,,,,,,,,
10/26/2020,dental implants price,latest in dental implants,dental implants price,dental implant same day,,,,,,,,,,,,,
10/26/2020,dental implant average cost,dental implant pricing,dental implant pricing,latest in dental implants,,,,,,,,,,,,,
10/26/2020,average cost of dental implants,dental implant average cost,dental implant prices,all-on-4 dental implants,,,,,,,,,,,,,
10/26/2020,dental implant pricing,cost of full mouth dental implants,dental implant cost near me,affordable senior dental implants,,,,,,,,,,,,,
10/26/2020,cost of full mouth dental implants,cost of full dental implants,dental implants near me,dental implant pricing,,,,,,,,,,,,,
10/26/2020,dental implants,how much do dental implants cost,,,,,,,,,,,,,,,
,,,,,,,,,,,,,,,,,
,,,,,,,,,,,,,,,,,
,ADNET,INTERNAL,ADNET VOLUME,INTERNAL VOLUME,,,,,,,,,,,,,
11/2/2020,dental implants {geo},dental care for seniors on medicare,affordable dental implants near you,prices for dental implants,,,,,,,,,,,,,
11/2/2020,affordable dental implants near me,dental implants near me,best dental implant dentists near me,cost of full mouth dental implants,,,,,,,,,,,,,
11/2/2020,best dental implants near me,best dental implant dentist,dental implants near me,full mouth dental implants,,,,,,,,,,,,,
11/2/2020,best dental implants {geo},{geo} dental implants,dental implant cost,dental implants near me,,,,,,,,,,,,,
11/2/2020,dental implants near me,all on 4 dental implants,prices for dental implants,dental implant cost,,,,,,,,,,,,,
11/2/2020,affordable dental implants {geo},same day dental implants,affordable dental implants {geo},low cost dental implants,,,,,,,,,,,,,
11/2/2020,best dental implant dentists near me,all-on-4 dental implants,best dental implants {geo},how much do dental implants cost,,,,,,,,,,,,,
11/2/2020,1.35,dental implant cost in {geo} 2020,affordable dental implants near me,affordable dental implants,,,,,,,,,,,,,
11/2/2020,affordable dental implants near you,dental implant same day,dental implants {geo},best dental implant dentist,,,,,,,,,,,,,
11/2/2020,cost for dental implants,full mouth dental implants,full mouth dental implants,cost of full dental implants,,,,,,,,,,,,,
11/2/2020,prices for dental implants,affordable dental implants,cost for dental implants,all-on-4 dental implants,,,,,,,,,,,,,
11/2/2020,affordable dental implants,1.17,affordable dental implants,all on 4 dental implants,,,,,,,,,,,,,
11/2/2020,full mouth dental implants,prices for dental implants,dental implant average cost,{geo} dental implants,,,,,,,,,,,,,
11/2/2020,dental implant cost,low cost dental implants,best dental implants near me,same day dental implants,,,,,,,,,,,,,
11/2/2020,best dental implant prices,immediate dental implant,cost of full mouth dental implants,dental implant same day,,,,,,,,,,,,,
11/2/2020,dental implant average cost,dental implant cost,best dental implant prices,best dental implant prices,,,,,,,,,,,,,
11/2/2020,cost of full mouth dental implants,cost of full mouth dental implants,average cost of dental implants,dental implant cost in {geo} 2020,,,,,,,,,,,,,
11/2/2020,average cost of dental implants,best dental implant prices,dental implant pricing,dental care for seniors on medicare,,,,,,,,,,,,,
11/2/2020,dental implant pricing,full dental implants cost,full dental implants cost,full dental implants cost,,,,,,,,,,,,,
11/2/2020,dental implants price,cost of full dental implants,dental implants price,immediate dental implant,,,,,,,,,,,,,
11/2/2020,full dental implants cost,how much do dental implants cost,,,,,,,,,,,,,,,
,,,,,,,,,,,,,,,,,
,,,,,,,,,,,,,,,,,
,ADNET,INTERNAL,ADNET VOLUME,INTERNAL VOLUME,,,,,,,,,,,,,
11/9/2020,dental implants near me,best dental implants {geo},dental implants near me,cost of full mouth dental implants,,,,,,,,,,,,,
11/9/2020,affordable dental implants near me,dental implants near me,affordable dental implants near you,prices for dental implants,,,,,,,,,,,,,
11/9/2020,dental care for seniors on medicare,dental care for seniors on medicare,prices for dental implants,low cost dental implants,,,,,,,,,,,,,
11/9/2020,dental implants {geo},all-on-4 dental implants,best dental implants {geo},dental implants near me,,,,,,,,,,,,,
11/9/2020,best dental implant dentists near me,{geo} dental implants,dental implants {geo},affordable dental implants,,,,,,,,,,,,,
11/9/2020,best dental implants {geo},all on 4 dental implants,affordable dental implants near me,dental implant cost,,,,,,,,,,,,,
11/9/2020,affordable dental implants {geo},dental implant same day,best dental implant dentists near me,{geo} dental implants,,,,,,,,,,,,,
11/9/2020,best dental implants near me,low cost dental implants,affordable dental implants {geo},cost of full dental implants,,,,,,,,,,,,,
11/9/2020,affordable dental implants near you,affordable dental implants,best dental implants near me,full mouth dental implants,,,,,,,,,,,,,
11/9/2020,affordable dental implants,full mouth dental implants,affordable dental implants,best dental implant dentist,,,,,,,,,,,,,
11/9/2020,1.4,best dental implant dentist,cost for dental implants,best dental implant prices,,,,,,,,,,,,,
11/9/2020,cost for dental implants,1.22,average cost of dental implants,all-on-4 dental implants,,,,,,,,,,,,,
11/9/2020,prices for dental implants,dental implant cost,cost of full mouth dental implants,affordable senior dental implants,,,,,,,,,,,,,
11/9/2020,best dental implant prices,affordable senior dental implants,best dental implant prices,how much do dental implants cost,,,,,,,,,,,,,
11/9/2020,dental implant average cost,prices for dental implants,dental implant average cost,best dental implants {geo},,,,,,,,,,,,,
11/9/2020,dental implant price,best dental implant prices,dental implant price,dental implant same day,,,,,,,,,,,,,
11/9/2020,dental implant pricing,cost of full mouth dental implants,dental care for seniors on medicare,all on 4 dental implants,,,,,,,,,,,,,
11/9/2020,cost of full mouth dental implants,price of dental implants,dental implant pricing,price of dental implants,,,,,,,,,,,,,
11/9/2020,price of dental implants,full dental implants cost,price of dental implants,full dental implants cost,,,,,,,,,,,,,
11/9/2020,average cost of dental implants,cost of full dental implants,best dental implants,dental care for seniors on medicare,,,,,,,,,,,,,
11/9/2020,best dental implants,how much do dental implants cost,,,,,,,,,,,,,,,
,,,,,,,,,,,,,,,,,
,,,,,,,,,,,,,,,,,
,ADNET,INTERNAL,ADNET VOLUME,INTERNAL VOLUME,,,,,,,,,,,,,
11/16/2020,dental implants {geo},medicare advantage plans that cover dental,prices for dental implants,dental implant prices,,,,,,,,,,,,,
11/16/2020,dental implants near me,medicare advantage plans that cover dental costs,affordable dental implants near me,medicare dental coverage for seniors,,,,,,,,,,,,,
11/16/2020,best dental implant dentists near me,all on 4 dental implants,affordable dental implants near you,most affordable full mouth dental implant pricing,,,,,,,,,,,,,
11/16/2020,affordable dental implants near me,best dental implant dentists near me,affordable dental implants {geo},low cost dental implants in {geo},,,,,,,,,,,,,
11/16/2020,best dental implants {geo},dental implants near me,dental implant prices,{geo} dental implant cost,,,,,,,,,,,,,
11/16/2020,affordable dental implants {geo},best dental implants {geo},medicare dental coverage for seniors,dental implants near me,,,,,,,,,,,,,
11/16/2020,best dental implants near me,low cost dental implants in {geo},best dental implant dentists near me,best dental implants for seniors,,,,,,,,,,,,,
11/16/2020,affordable dental implants near you,1.31,cost for dental implants,2020 {geo} dental implants cost,,,,,,,,,,,,,
11/16/2020,1.36,{geo} dental implant cost,cost of full mouth dental implants,most affordable full mouth dental implant cost,,,,,,,,,,,,,
11/16/2020,cost for dental implants,affordable dental implants near you,best dental implants {geo},best dental implant dentists near me,,,,,,,,,,,,,
11/16/2020,dental implant cost,low cost dental implants,dental implant cost,dental implant cost,,,,,,,,,,,,,
11/16/2020,affordable dental implants,full mouth dental implants,best dental implant prices,best dental implants {geo},,,,,,,,,,,,,
11/16/2020,dental implant average cost,best dental implants for seniors,best dental implants near me,affordable senior dental implants,,,,,,,,,,,,,
11/16/2020,full mouth dental implants,most affordable full mouth dental implant pricing,full dental implant cost,low cost dental implants near me,,,,,,,,,,,,,
11/16/2020,prices for dental implants,dental implant price,full dental implants cost,full mouth dental implants,,,,,,,,,,,,,
11/16/2020,best dental implant prices,most affordable full mouth dental implant cost,affordable dental implants,low cost dental implants,,,,,,,,,,,,,
11/16/2020,full dental implants cost,dental implant cost,average cost of dental implants,medicare advantage plans that cover dental costs,,,,,,,,,,,,,
11/16/2020,dental implant pricing,2020 {geo} dental implants cost,dental implants near me,best low cost dental implant {geo},,,,,,,,,,,,,
11/16/2020,cost of full mouth dental implants,prices for dental implants,dental implant pricing,cost of full mouth dental implants,,,,,,,,,,,,,
11/16/2020,average cost of dental implants,dental implant prices,dental implant average cost,affordable dental implants near you,,,,,,,,,,,,,
11/16/2020,dental implant price,best dental implants,,,,,,,,,,,,,,,
,,,,,,,,,,,,,,,,,
,,,,,,,,,,,,,,,,,
,ADNET,INTERNAL,ADNET VOLUME,INTERNAL VOLUME,,,,,,,,,,,,,
11/23/2020,dental implants {geo},medicare advantage plans that cover dental costs,affordable dental implants near me,dental implant prices,,,,,,,,,,,,,
11/23/2020,dental implants near me,medicare advantage plans that cover dental,affordable dental implants near you,most affordable full mouth dental implant pricing,,,,,,,,,,,,,
11/23/2020,affordable dental implants near me,medicare advantage plans that cover dental implants,prices for dental implants,low cost dental implants in {geo},,,,,,,,,,,,,
11/23/2020,best dental implant dentists near me,dental care for seniors on medicare,affordable dental implants {geo},best dental implants for seniors,,,,,,,,,,,,,
11/23/2020,best dental implants near me,senior dental implants covered by medicare,cost of full mouth dental implants,dental implant cost,,,,,,,,,,,,,
11/23/2020,best dental implants {geo},best dental implant dentists near me,dental implant cost,most affordable full mouth dental implant cost,,,,,,,,,,,,,
11/23/2020,affordable dental implants,senior dental implants near me,dental implant prices,best dental implant dentists near me,,,,,,,,,,,,,
11/23/2020,affordable dental implants {geo},best dental implants {geo},best dental implant dentists near me,dental implants near me,,,,,,,,,,,,,
11/23/2020,affordable dental implants near you,dental implants near me,best dental implants {geo},low cost dental implants near me,,,,,,,,,,,,,
11/23/2020,1.24,1.3,cost for dental implants,{geo} dental implant cost,,,,,,,,,,,,,
11/23/2020,dental implant price,dental implant price,full dental implants cost,2020 {geo} dental implants cost,,,,,,,,,,,,,
11/23/2020,cost for dental implants,full mouth dental implants,affordable dental implants,best dental implants {geo},,,,,,,,,,,,,
11/23/2020,dental implant cost,low cost dental implants in {geo},dental implants near me,medicare advantage plans that cover dental costs,,,,,,,,,,,,,
11/23/2020,dental implant average cost,low cost dental implants,average cost of dental implants,low cost dental implants,,,,,,,,,,,,,
11/23/2020,best dental implant prices,best dental implants for seniors,best dental implants near me,affordable senior dental implants,,,,,,,,,,,,,
11/23/2020,prices for dental implants,affordable dental implants near you,best dental implant prices,senior dental implants covered by medicare,,,,,,,,,,,,,
11/23/2020,full mouth dental implants,dental implant cost,dental implant average cost,full mouth dental implants,,,,,,,,,,,,,
11/23/2020,average cost of dental implants,most affordable full mouth dental implant pricing,full dental implant cost,senior dental implants near me,,,,,,,,,,,,,
11/23/2020,dental implants price,most affordable full mouth dental implant cost,dental implants cost,affordable dental implants near you,,,,,,,,,,,,,
11/23/2020,cost of full mouth dental implants,2020 {geo} dental implants cost,full mouth dental implants,best low cost dental implant {geo},,,,,,,,,,,,,
11/23/2020,full dental implants cost,best dental implants,,,,,,,,,,,,,,,
,,,,,,,,,,,,,,,,,
,,,,,,,,,,,,,,,,,
,ADNET,INTERNAL,ADNET VOLUME,INTERNAL VOLUME,,,,,,,,,,,,,
11/30/2020,affordable dental implants near me,medicare advantage plans that cover dental costs,cost of full mouth dental implants,dental implant prices,,,,,,,,,,,,,
11/30/2020,same day dental implants near me,medicare advantage plans that cover dental implants,affordable dental implants near me,best dental implants for seniors,,,,,,,,,,,,,
11/30/2020,best dental implant dentists near me,medicare advantage plans that cover dental,affordable dental implants near you,low cost dental implants in {geo},,,,,,,,,,,,,
11/30/2020,dental implants {geo},dental care for seniors on medicare,affordable dental implants {geo},most affordable full mouth dental implant pricing,,,,,,,,,,,,,
11/30/2020,dental implants near me,best dental implant dentists near me,dental implant prices,dental implant cost,,,,,,,,,,,,,
11/30/2020,affordable dental implants {geo},dental implants near me,cost for dental implants,dental implants near me,,,,,,,,,,,,,
11/30/2020,best dental implants {geo},best dental implants {geo},dental implant cost,2020 {geo} dental implants cost,,,,,,,,,,,,,
11/30/2020,affordable dental implants,1.39,prices for dental implants,best dental implants {geo},,,,,,,,,,,,,
11/30/2020,affordable dental implants near you,best dental implants for seniors,full dental implants cost,low cost dental implants near me,,,,,,,,,,,,,
11/30/2020,1.41,affordable dental implants near you,best dental implant dentists near me,cost of full mouth dental implants,,,,,,,,,,,,,
11/30/2020,full mouth dental implants,low cost dental implants in {geo},best dental implants {geo},medicare advantage plans that cover dental costs,,,,,,,,,,,,,
11/30/2020,cost for dental implants,dental implant price,full mouth dental implants,most affordable full mouth dental implant cost,,,,,,,,,,,,,
11/30/2020,dental implant cost,full mouth dental implants,affordable dental implants,best dental implant dentists near me,,,,,,,,,,,,,
11/30/2020,prices for dental implants,dental implants cost per tooth,average cost of dental implants,senior dental implants covered by medicare,,,,,,,,,,,,,
11/30/2020,dental implant average cost,2020 {geo} dental implants cost,dental implant average cost,low cost dental implants,,,,,,,,,,,,,
11/30/2020,cost of full mouth dental implants,dental implant cost,full dental implant cost,affordable senior dental implants,,,,,,,,,,,,,
11/30/2020,full dental implants cost,most affordable full mouth dental implant pricing,dental implants cost,affordable dental implants near you,,,,,,,,,,,,,
11/30/2020,average cost of dental implants,most affordable full mouth dental implant cost,best dental implants near me,full mouth dental implants,,,,,,,,,,,,,
11/30/2020,how much do dental implants cost,dental implant prices,how much do dental implants cost,dental implants cost per tooth,,,,,,,,,,,,,
11/30/2020,dental implant same day,cost of full mouth dental implants,dental implants average cost,{geo} dental implant cost,,,,,,,,,,,,,
11/30/2020,immediate dental implant options,best dental implants,,,,,,,,,,,,,,,
,,,,,,,,,,,,,,,,,
,,,,,,,,,,,,,,,,,
,ADNET,INTERNAL,ADNET VOLUME,INTERNAL VOLUME,,,,,,,,,,,,,
12/7/2020,same day dental implants near me,medicare advantage plans that cover dental,cost of full mouth dental implants,dental implant prices,,,,,,,,,,,,,
12/7/2020,dental implants near me,medicare advantage plans that cover dental costs,affordable dental implants near me,best dental implants for seniors,,,,,,,,,,,,,
12/7/2020,affordable dental implants near me,medicare advantage plans that cover dental implants,affordable dental implants near you,most affordable full mouth dental implant pricing,,,,,,,,,,,,,
12/7/2020,best dental implant dentists near me,dental care for seniors on medicare,dental implant prices,dental implant cost,,,,,,,,,,,,,
12/7/2020,best dental implants {geo},senior dental implants covered by medicare,full dental implants cost,2020 {geo} dental implants cost,,,,,,,,,,,,,
12/7/2020,affordable dental implants {geo},best dental implant dentists near me,affordable dental implants {geo},dental implants near me,,,,,,,,,,,,,
12/7/2020,dental implants {geo},best low cost dental implant {geo},cost for dental implants,low cost dental implants in {geo},,,,,,,,,,,,,
12/7/2020,affordable dental implants,dental implants near me,dental implant cost,best dental implant dentists near me,,,,,,,,,,,,,
12/7/2020,affordable dental implants near you,best dental implants {geo},prices for dental implants,best low cost dental implant {geo},,,,,,,,,,,,,
12/7/2020,cost for dental implants,best dental implants for seniors,best dental implant dentists near me,low cost dental implants near me,,,,,,,,,,,,,
12/7/2020,1.31,affordable dental implants near you,best dental implants {geo},affordable dental implants near you,,,,,,,,,,,,,
12/7/2020,full mouth dental implants,1.36,average cost of dental implants,most affordable full mouth dental implant cost,,,,,,,,,,,,,
12/7/2020,prices for dental implants,dental implant price,affordable dental implants,best dental implants {geo},,,,,,,,,,,,,
12/7/2020,dental implant average cost,low cost dental implants in {geo},dental implants cost,affordable senior dental implants,,,,,,,,,,,,,
12/7/2020,dental implant cost,most affordable full mouth dental implant pricing,full dental implant cost,cost of full mouth dental implants,,,,,,,,,,,,,
12/7/2020,full dental implants cost,full mouth dental implants,dental implant average cost,senior dental implants covered by medicare,,,,,,,,,,,,,
12/7/2020,average cost of dental implants,dental implant prices,how much do dental implants cost,full mouth dental implants,,,,,,,,,,,,,
12/7/2020,how much do dental implants cost,most affordable full mouth dental implant cost,best dental implants near me,{geo} dental implant cost,,,,,,,,,,,,,
12/7/2020,cost of full mouth dental implants,dental implant cost,full mouth dental implants,dental implants for 50% off,,,,,,,,,,,,,
12/7/2020,dental implant same day,2020 {geo} dental implants cost,same day dental implants near me,medicare advantage plans that cover dental costs,,,,,,,,,,,,,
12/7/2020,immediate dental implant options,best dental implants,,,,,,,,,,,,,,,
,,,,,,,,,,,,,,,,,
,,,,,,,,,,,,,,,,,
,ADNET,INTERNAL,ADNET VOLUME,INTERNAL VOLUME,,,,,,,,,,,,,
12/14/2020,dental implants {geo},medicare advantage plans that cover dental costs,affordable dental implants near me,dental implant prices,,,,,,,,,,,,,
12/14/2020,dental implants near me,best dental implant dentist,affordable dental implants near you,best dental implants for seniors,,,,,,,,,,,,,
12/14/2020,affordable dental implants near me,best dental implant dentists near me,dental implant prices,most affordable full mouth dental implant pricing,,,,,,,,,,,,,
12/14/2020,best dental implants {geo},dental implants near me,affordable dental implants {geo},2020 {geo} dental implants cost,,,,,,,,,,,,,
12/14/2020,best dental implant dentists near me,affordable dental implants,cost of full mouth dental implants,dental implant cost,,,,,,,,,,,,,
12/14/2020,best dental implants near me,best dental implants {geo},dental implant cost,low cost dental implants in {geo},,,,,,,,,,,,,
12/14/2020,affordable dental implants {geo},best dental implants for seniors,cost for dental implants,dental implants near me,,,,,,,,,,,,,
12/14/2020,affordable dental implants near you,dental implants for 50% off,best dental implants {geo},best dental implant dentists near me,,,,,,,,,,,,,
12/14/2020,affordable dental implants,dental implant price,best dental implant dentists near me,low cost dental implants near me,,,,,,,,,,,,,
12/14/2020,1.39,affordable dental implants near you,prices for dental implants,{geo} dental implant cost,,,,,,,,,,,,,
12/14/2020,prices for dental implants,1.22,average cost of dental implants,best dental implants {geo},,,,,,,,,,,,,
12/14/2020,dental implant cost,low cost dental implants in {geo},affordable dental implants,affordable dental implants near you,,,,,,,,,,,,,
12/14/2020,full mouth dental implants,dental implant cost,dental implant average cost,dental implants cost per tooth,,,,,,,,,,,,,
12/14/2020,dental implant average cost,most affordable full mouth dental implant pricing,dental implants cost,most affordable full mouth dental implant cost,,,,,,,,,,,,,
12/14/2020,average cost of dental implants,dental implants cost per tooth,full dental implant cost,cost of full mouth dental implants,,,,,,,,,,,,,
12/14/2020,cost of full mouth dental implants,2020 {geo} dental implants cost,best dental implants near me,affordable senior dental implants,,,,,,,,,,,,,
12/14/2020,immediate dental implant options,senior dental implants covered by medicare,implants affordable dental,low cost dental implants,,,,,,,,,,,,,
12/14/2020,clearchoice dental implants,dental implant prices,full mouth dental implants,best low cost dental implant {geo},,,,,,,,,,,,,
12/14/2020,natural looking dental implant,full mouth dental implants,full dental implants cost,affordable dental implants,,,,,,,,,,,,,
12/14/2020,clear dental implants,most affordable full mouth dental implant cost,dental implants near me,full mouth dental implants,,,,,,,,,,,,,
12/14/2020,astra dental implants,dental care for seniors on medicare,,,,,,,,,,,,,,,
,,,,,,,,,,,,,,,,,
,,,,,,,,,,,,,,,,,
,ADNET,INTERNAL,ADNET VOLUME,INTERNAL VOLUME,,,,,,,,,,,,,
12/21/2020,dental implants near me,medicare advantage plans that cover dental,affordable dental implants near me,dental implant prices,,,,,,,,,,,,,
12/21/2020,affordable dental implants near me,medicare advantage plans that cover dental costs,affordable dental implants near you,best dental implants for seniors,,,,,,,,,,,,,
12/21/2020,best dental implants {geo},affordable dental implants {geo},affordable dental implants {geo},low cost dental implants in {geo},,,,,,,,,,,,,
12/21/2020,best dental implant dentists near me,best dental implant dentists near me,dental implant prices,dental implant cost,,,,,,,,,,,,,
12/21/2020,best dental implants near me,dental implants near me,dental implant cost,2020 {geo} dental implants cost,,,,,,,,,,,,,
12/21/2020,affordable dental implants {geo},best dental implants {geo},best senior dental implants near me,most affordable full mouth dental implant pricing,,,,,,,,,,,,,
12/21/2020,affordable dental implants near you,best dental implants for seniors,full mouth dental implants,most affordable full mouth dental implant cost,,,,,,,,,,,,,
12/21/2020,dental implants {geo},affordable dental implants,cost for dental implants,best dental implant dentists near me,,,,,,,,,,,,,
12/21/2020,best senior dental implants near me,1.22,best dental implants {geo},low cost dental implants near me,,,,,,,,,,,,,
12/21/2020,affordable dental implants,low cost dental implants in {geo},prices for dental implants,affordable dental implants {geo},,,,,,,,,,,,,
12/21/2020,1.39,most affordable full mouth dental implant cost,affordable dental implants,dental implants near me,,,,,,,,,,,,,
12/21/2020,same day implants near me,most affordable full mouth dental implant pricing,best dental implant dentists near me,{geo} dental implant cost,,,,,,,,,,,,,
12/21/2020,local dental implants,affordable dental implants near you,dental implants cost,best dental implants {geo},,,,,,,,,,,,,
12/21/2020,full mouth dental implants,dental implant price,best dental implant dentists for seniors,affordable senior dental implants,,,,,,,,,,,,,
12/21/2020,dental implant cost,dental implants cost per tooth,full dental implant cost,medicare advantage plans that cover dental costs,,,,,,,,,,,,,
12/21/2020,prices for dental implants,full mouth dental implants,average cost of dental implants,full mouth dental implants,,,,,,,,,,,,,
12/21/2020,dental implant average cost,cost of full mouth dental implants,same day implants near me,affordable dental implants near you,,,,,,,,,,,,,
12/21/2020,how much are dental implants,2020 {geo} dental implants cost,cost of full mouth dental implants,dental implants cost,,,,,,,,,,,,,
12/21/2020,average cost of dental implants,dental implant cost,best dental implants near me,cost of full mouth dental implants,,,,,,,,,,,,,
12/21/2020,natural looking dental implant,dental implant prices,dental implant average cost,best low cost dental implant {geo},,,,,,,,,,,,,
12/21/2020,astra dental implants,best dental implants,,,,,,,,,,,,,,,
,,,,,,,,,,,,,,,,,
,,,,,,,,,,,,,,,,,
,ADNET,INTERNAL,ADNET VOLUME,INTERNAL VOLUME,,,,,,,,,,,,,
12/28/2020,dental implants near me,all-on-4 dental implants,best senior dental implants near me,dental implant prices,,,,,,,,,,,,,
12/28/2020,affordable dental implants near me,medicare advantage plans that cover dental costs,affordable dental implants near me,best dental implants for seniors,,,,,,,,,,,,,
12/28/2020,dental implants {geo},best dental implant dentists near me,dental implant cost,low cost dental implants in {geo},,,,,,,,,,,,,
12/28/2020,best dental implants near me,best dental implants {geo},affordable dental implants {geo},dental implant cost,,,,,,,,,,,,,
12/28/2020,best dental implants {geo},dental implants near me,affordable dental implants near you,most affordable full mouth dental implant pricing,,,,,,,,,,,,,
12/28/2020,affordable dental implants {geo},all on 4 dental implants,full mouth dental implants,full mouth dental implants,,,,,,,,,,,,,
12/28/2020,best dental implant dentists near me,same day dental implants,dental implant prices,most affordable full mouth dental implant cost,,,,,,,,,,,,,
12/28/2020,best senior dental implants near me,affordable dental implants,best dental implant dentists for seniors,2020 {geo} dental implants cost,,,,,,,,,,,,,
12/28/2020,affordable dental implants near you,discount dental implants,cost for dental implants,low cost dental implants near me,,,,,,,,,,,,,
12/28/2020,affordable dental implants,affordable dental implants near you,best dental implants {geo},{geo} dental implant cost,,,,,,,,,,,,,
12/28/2020,best dental implant dentists for seniors,best dental implants for seniors,affordable dental implants,affordable senior dental implants,,,,,,,,,,,,,
12/28/2020,1.34,implants affordable dental,dental implants cost,affordable dental implants near you,,,,,,,,,,,,,
12/28/2020,same day implants near me,1.17,prices for dental implants,dental implants near me,,,,,,,,,,,,,
12/28/2020,full mouth dental implants,low cost dental implants in {geo},full dental implant cost,cost of full mouth dental implants,,,,,,,,,,,,,
12/28/2020,dental implant cost,most affordable full mouth dental implant cost,best dental implant dentists near me,dental implants cost,,,,,,,,,,,,,
12/28/2020,dental implant average cost,2020 {geo} dental implants cost,average cost of dental implants,affordable dental implants,,,,,,,,,,,,,
12/28/2020,average cost of dental implants,dental implant cost,implants affordable dental,best dental implant dentists near me,,,,,,,,,,,,,
12/28/2020,how much are dental implants,full mouth dental implants,dental implants average cost,dental implants cost per tooth,,,,,,,,,,,,,
12/28/2020,astra dental implants,dental implant prices,best dental implants near me,dental implants for seniors,,,,,,,,,,,,,
12/28/2020,natural looking dental implant,cost of full mouth dental implants,same day implants near me,affordable dental implants {geo},,,,,,,,,,,,,
12/28/2020,clear dental implants,most affordable full mouth dental implant pricing,,,,,,,,,,,,,,,
,,,,,,,,,,,,,,,,,
,,,,,,,,,,,,,,,,,
,ADNET,INTERNAL,ADNET VOLUME,INTERNAL VOLUME,,,,,,,,,,,,,
1/4/2021,dental implants near me,all on 4 dental implants,best senior dental implants near me,dental implant prices,,,,,,,,,,,,,
1/4/2021,best dental implants near me,all-on-4 dental implants,affordable dental implants near me,best dental implants for seniors,,,,,,,,,,,,,
1/4/2021,affordable dental implants near me,best dental implant dentists near me,dental implant cost,dental implant cost,,,,,,,,,,,,,
1/4/2021,dental implants {geo},best dental implants {geo},affordable dental implants {geo},2020 {geo} dental implants cost,,,,,,,,,,,,,
1/4/2021,best dental implants {geo},dental implants near me,affordable dental implants near you,most affordable full mouth dental implant cost,,,,,,,,,,,,,
1/4/2021,best dental implant dentists near me,medicare advantage plans that cover dental costs,dental implant prices,affordable senior dental implants,,,,,,,,,,,,,
1/4/2021,best senior dental implants near me,affordable dental implants near you,full mouth dental implants,full mouth dental implants,,,,,,,,,,,,,
1/4/2021,affordable dental implants {geo},best dental implants for seniors,best dental implant dentists for seniors,{geo} dental implant cost,,,,,,,,,,,,,
1/4/2021,affordable dental implants,implants affordable dental,cost for dental implants,cost of full mouth dental implants,,,,,,,,,,,,,
1/4/2021,affordable dental implants near you,affordable dental implants,best dental implants {geo},affordable dental implants,,,,,,,,,,,,,
1/4/2021,best dental implant dentists for seniors,$0.98 ,affordable dental implants,affordable dental implants near you,,,,,,,,,,,,,
1/4/2021,$1.09 ,most affordable full mouth dental implant cost,dental implants cost,low cost dental implants in {geo},,,,,,,,,,,,,
1/4/2021,same day implants near me,dental implant cost,prices for dental implants,dental implants cost,,,,,,,,,,,,,
1/4/2021,local dental implants,dental implant prices,full dental implant cost,affordable dental implants {geo},,,,,,,,,,,,,
1/4/2021,full mouth dental implants,full mouth dental implants,average cost of dental implants,best dental implant dentists near me,,,,,,,,,,,,,
1/4/2021,dental implant cost,dental care for seniors on medicare,best dental implant dentists near me,dental implants near me,,,,,,,,,,,,,
1/4/2021,natural looking dental implant,2020 {geo} dental implants cost,same day implants near me,most affordable full mouth dental implant pricing,,,,,,,,,,,,,
1/4/2021,dental implant average cost,low cost dental implants in {geo},dental implants average cost,senior dental implants near me,,,,,,,,,,,,,
1/4/2021,average cost of dental implants,most affordable full mouth dental implant pricing,best dental implants near me,best low cost dental implant {geo},,,,,,,,,,,,,
1/4/2021,how much are dental implants,cost of full mouth dental implants,how much are dental implants,dental implant offers for seniors,,,,,,,,,,,,,
1/4/2021,#keyword#,best dental implants,,,,,,,,,,,,,,,
,,,,,,,,,,,,,,,,,
,,,,,,,,,,,,,,,,,
,ADNET,INTERNAL,ADNET VOLUME,INTERNAL VOLUME,,,,,,,,,,,,,
1/11/2021,dental implants near me,medicare advantage plans that cover dental costs,best senior dental implants near me,dental implant prices,,,,,,,,,,,,,
1/11/2021,best dental implants near me,all-on-4 dental implants,dental implant cost,best dental implants for seniors,,,,,,,,,,,,,
1/11/2021,dental implants {geo},best dental implant dentists near me,affordable dental implants near me,dental implant cost,,,,,,,,,,,,,
1/11/2021,local dental implants,dental implants near me,affordable dental implants {geo},low cost dental implants in {geo},,,,,,,,,,,,,
1/11/2021,affordable dental implants near me,dental care for seniors on medicare,affordable dental implants near you,most affordable full mouth dental implant cost,,,,,,,,,,,,,
1/11/2021,best dental implants {geo},best dental implants {geo},dental implant prices,low cost dental implants near me,,,,,,,,,,,,,
1/11/2021,best dental implant dentists near me,affordable dental implants,full mouth dental implants,2020 {geo} dental implants cost,,,,,,,,,,,,,
1/11/2021,affordable dental implants {geo},implants affordable dental,best dental implant dentists for seniors,most affordable full mouth dental implant pricing,,,,,,,,,,,,,
1/11/2021,affordable dental implants near you,all on 4 dental implants,cost for dental implants,affordable senior dental implants,,,,,,,,,,,,,
1/11/2021,best senior dental implants near me,best dental implants for seniors,best dental implants {geo},full mouth dental implants,,,,,,,,,,,,,
1/11/2021,best dental implant dentists for seniors,affordable dental implants near you,dental implants cost,affordable dental implants near you,,,,,,,,,,,,,
1/11/2021,same day implants near me,2020 {geo} dental implants cost,prices for dental implants,affordable dental implants,,,,,,,,,,,,,
1/11/2021,1.16,0.98,full dental implant cost,{geo} dental implant cost,,,,,,,,,,,,,
1/11/2021,affordable dental implants,full mouth dental implants,dental implants average cost,dental implant average cost,,,,,,,,,,,,,
1/11/2021,full mouth dental implants,low cost dental implants in {geo},best dental implant dentists near me,dental implants near me,,,,,,,,,,,,,
1/11/2021,dental implant cost,dental implant cost,average cost of dental implants,dental implants cost,,,,,,,,,,,,,
1/11/2021,natural looking dental implant,dental implant prices,affordable dental implants,dental implants average cost,,,,,,,,,,,,,
1/11/2021,dental implant average cost,most affordable full mouth dental implant cost,best dental implants near me,best dental implant dentists near me,,,,,,,,,,,,,
1/11/2021,average cost of dental implants,low cost dental implants near me,dental implant average cost,cost of full mouth dental implants,,,,,,,,,,,,,
1/11/2021,astra dental implants,most affordable full mouth dental implant pricing,dental implants {geo},best low cost dental implant {geo},,,,,,,,,,,,,
1/11/2021,clear dental implants,medicare advantage plans that cover dental,,,,,,,,,,,,,,,
,,,,,,,,,,,,,,,,,
,,,,,,,,,,,,,,,,,
,ADNET,INTERNAL,ADNET VOLUME,INTERNAL VOLUME,,,,,,,,,,,,,
1/19/2021,local dental implants,medicare advantage plans that cover dental implants,best senior dental implants near me,dental implant prices,,,,,,,,,,,,,
1/19/2021,affordable dental implants near me,{geo} all on 4 dental implants,affordable dental implants near me,affordable senior dental implants,,,,,,,,,,,,,
1/19/2021,best dental implants {geo},best dental implant dentists near me,full mouth dental implants,dental implant cost,,,,,,,,,,,,,
1/19/2021,best dental implants near me,all-on-4 dental implants,affordable dental implants {geo},best dental implants for seniors,,,,,,,,,,,,,
1/19/2021,dental implants {geo},dental implants near me,affordable dental implants near you,low cost dental implants in {geo},,,,,,,,,,,,,
1/19/2021,affordable dental implants {geo},best dental implant dentist,dental implant cost,dental implants (low costs you may not believe),,,,,,,,,,,,,
1/19/2021,best senior dental implants near me,all on 4 dental implants,dental implant prices,low cost dental implants near me,,,,,,,,,,,,,
1/19/2021,best dental implant dentists near me,dental care for seniors on medicare,best dental implant dentists for seniors,affordable dental implants,,,,,,,,,,,,,
1/19/2021,affordable dental implants near you,lowest cost full mouth dental implant dentist,dental implant total cost,dental implant average cost,,,,,,,,,,,,,
1/19/2021,best dental implant dentists for seniors,best dental implants {geo},cost for dental implants,{geo} dental implant cost,,,,,,,,,,,,,
1/19/2021,1.19,best single tooth dental implant deals,prices for dental implants,dental implants near me,,,,,,,,,,,,,
1/19/2021,dental implants near me,affordable senior dental implants,best dental implants {geo},medicare advantage plans that cover dental implants,,,,,,,,,,,,,
1/19/2021,affordable dental implants,dental implants (low costs you may not believe),full dental implant cost,full dental implants cost,,,,,,,,,,,,,
1/19/2021,full mouth dental implants,best dental implants for seniors,dental implants cost,most affordable full mouth dental implant pricing,,,,,,,,,,,,,
1/19/2021,dental implant cost,1.03,best dental implant dentists near me,most affordable full mouth dental implant cost,,,,,,,,,,,,,
1/19/2021,prices for dental implants,affordable dental implants near you,average cost of dental implants,cost of full mouth dental implants,,,,,,,,,,,,,
1/19/2021,dental implant prices,low cost dental implants in {geo},affordable dental implants,2020 {geo} dental implants cost,,,,,,,,,,,,,
1/19/2021,average cost of dental implants,full dental implants cost,dental implants average cost,dental implants average cost,,,,,,,,,,,,,
1/19/2021,dental implant average cost,most affordable full mouth dental implant cost,best dental implants near me,affordable dental implants near you,,,,,,,,,,,,,
1/19/2021,how much are dental implants,dental implant cost,tooth implant cost,dental implants cost,,,,,,,,,,,,,
1/19/2021,best dental implants,dental implant prices,,,,,,,,,,,,,,,
,,,,,,,,,,,,,,,,,
,,,,,,,,,,,,,,,,,
,ADNET,INTERNAL,ADNET VOLUME,INTERNAL VOLUME,,,,,,,,,,,,,
1/25/2021,how much are dental implants,medicare advantage plans that cover dental implants,best senior dental implants near me,dental implant prices,,,,,,,,,,,,,
1/25/2021,best dental implants near me,dental care for seniors on medicare,affordable dental implants near me,affordable senior dental implants,,,,,,,,,,,,,
1/25/2021,dental implants {geo},all-on-4 dental implants,affordable dental implants near you,dental implant cost,,,,,,,,,,,,,
1/25/2021,affordable dental implants near me,{geo} dental implants,affordable dental implants {geo},dental implants (low costs you may not believe),,,,,,,,,,,,,
1/25/2021,best dental implants {geo},best dental implant dentist,dental implant cost,affordable senior dental implants near me,,,,,,,,,,,,,
1/25/2021,affordable dental implants,best dental implants {geo},full mouth dental implants,dental implants near me,,,,,,,,,,,,,
1/25/2021,best senior dental implants near me,dental implants near me,dental implant prices,dental implants average cost,,,,,,,,,,,,,
1/25/2021,affordable dental implants {geo},best dental implant dentists near me,best dental implant dentists for seniors,cost of full mouth dental implants,,,,,,,,,,,,,
1/25/2021,affordable dental implants near you,dental implant special offer,prices for dental implants,medicare advantage plans that cover dental implants,,,,,,,,,,,,,
1/25/2021,dental implants near me,all on 4 dental implants,dental implant total cost,dental implant average cost,,,,,,,,,,,,,
1/25/2021,best dental implant dentists near me,dental implants near city,best dental implants {geo},low cost dental implants in {geo},,,,,,,,,,,,,
1/25/2021,1.15,0.99,cost for dental implants,affordable dental implants,,,,,,,,,,,,,
1/25/2021,best dental implant dentists for seniors,lowest cost full mouth dental implant dentist,dental implants cost,2020 {geo} dental implants cost,,,,,,,,,,,,,
1/25/2021,same day implants near me,dental implants (low costs you may not believe),best dental implant dentists near me,{geo} dental implants,,,,,,,,,,,,,
1/25/2021,full mouth dental implants,affordable senior dental implants,dental implants average cost,{geo} dental implant cost,,,,,,,,,,,,,
1/25/2021,dental implant cost,affordable dental implants near you,full dental implant cost,low cost dental implants near me,,,,,,,,,,,,,
1/25/2021,dental implant average cost,best single tooth dental implant deals,average cost of dental implants,best dental implants for seniors,,,,,,,,,,,,,
1/25/2021,local dental implants,dental implant cost,affordable dental implants,affordable dental implants {geo},,,,,,,,,,,,,
1/25/2021,average cost of dental implants,dental implant prices,dental implant dentures cost,dental implants cost,,,,,,,,,,,,,
1/25/2021,natural looking dental implant,best dental implants for seniors,best dental implants near me,dental care for seniors on medicare,,,,,,,,,,,,,
1/25/2021,clear dental implants,most affordable full mouth dental implant cost,,,,,,,,,,,,,,,
,,,,,,,,,,,,,,,,,
,,,,,,,,,,,,,,,,,
,ADNET,INTERNAL,ADNET VOLUME,INTERNAL VOLUME,,,,,,,,,,,,,
2/1/2021,dental implants near me,medicare advantage plans that cover dental implants,best senior dental implants near me,dental implant prices,,,,,,,,,,,,,
2/1/2021,dental implants {geo},best dental implants {geo},full mouth dental implants,affordable senior dental implants,,,,,,,,,,,,,
2/1/2021,affordable dental implants near me,{geo} dental implants,affordable dental implants near me,affordable senior dental implants near me,,,,,,,,,,,,,
2/1/2021,best dental implant dentists near me,dental implants near me,affordable dental implants {geo},dental implants (low costs you may not believe),,,,,,,,,,,,,
2/1/2021,affordable dental implants,dental care for seniors on medicare,affordable dental implants near you,dental implant cost,,,,,,,,,,,,,
2/1/2021,affordable dental implants near you,all-on-4 dental implants,dental implant prices,cost of full mouth dental implants,,,,,,,,,,,,,
2/1/2021,best dental implants {geo},affordable dental implants,dental implant cost,dental implants near me,,,,,,,,,,,,,
2/1/2021,best dental implants near me,low cost dental implants,dental implant total cost,low cost dental implants,,,,,,,,,,,,,
2/1/2021,best senior dental implants near me,dental implant special offer,best dental implant dentists for seniors,affordable dental implants,,,,,,,,,,,,,
2/1/2021,affordable dental implants {geo},affordable dental implants near you,affordable dental implants,{geo} dental implants,,,,,,,,,,,,,
2/1/2021,local dental implants,affordable senior dental implants,best dental implants {geo},dental care for seniors on medicare,,,,,,,,,,,,,
2/1/2021,best dental implant dentists for seniors,1,cost for dental implants,dental implants average cost,,,,,,,,,,,,,
2/1/2021,1.09,best dental implants for seniors,dental implants cost,low cost dental implants in {geo},,,,,,,,,,,,,
2/1/2021,full mouth dental implants,dental implants (low costs you may not believe),average cost of dental implants,medicare advantage plans that cover dental implants,,,,,,,,,,,,,
2/1/2021,dental implant cost,best dental implant dentist,prices for dental implants,{geo} dental implant cost,,,,,,,,,,,,,
2/1/2021,average cost of dental implants,dental implant cost,dental implants average cost,full mouth dental implants,,,,,,,,,,,,,
2/1/2021,dental implant prices,cost of full mouth dental implants,best dental implant dentists near me,dental implant average cost,,,,,,,,,,,,,
2/1/2021,dental implant average cost,lowest cost full mouth dental implant dentist,full dental implant cost,medicare advantage plans that cover dental,,,,,,,,,,,,,
2/1/2021,how much are dental implants,dental implant prices,dental implant dentures cost,best dental implants for seniors,,,,,,,,,,,,,
2/1/2021,same day implants near me,best single tooth dental implant deals,how much are dental implants,affordable dental implants {geo},,,,,,,,,,,,,
2/1/2021,best dental implants,most affordable full mouth dental implant cost,,,,,,,,,,,,,,,
,,,,,,,,,,,,,,,,,
,,,,,,,,,,,,,,,,,
,ADNET,INTERNAL,ADNET VOLUME,INTERNAL VOLUME,,,,,,,,,,,,,
2/8/2021,affordable dental implants near me,all-on-4 dental implants,best senior dental implants near me,dental implant prices,,,,,,,,,,,,,
2/8/2021,best dental implants {geo},medicare advantage plans that cover dental implants,dental implant prices,affordable senior dental implants,,,,,,,,,,,,,
2/8/2021,best dental implant dentists near me,{geo} all on 4 dental implants,affordable dental implants near me,affordable senior dental implants near me,,,,,,,,,,,,,
2/8/2021,best senior dental implants near me,dental care for seniors on medicare,affordable dental implants {geo},dental implant cost,,,,,,,,,,,,,
2/8/2021,dental implants {geo},dental implant special offer,best dental implant dentists for seniors,dental implants (low costs you may not believe),,,,,,,,,,,,,
2/8/2021,best dental implants near me,dental implants near me,affordable dental implants near you,low cost dental implants in {geo},,,,,,,,,,,,,
2/8/2021,best dental implant dentists for seniors,best dental implant dentist,dental implant cost,cost of full mouth dental implants,,,,,,,,,,,,,
2/8/2021,affordable dental implants {geo},best dental implants {geo},dental implants average cost,affordable dental implants,,,,,,,,,,,,,
2/8/2021,dental implants near me,low cost dental implants,dental implants cost,low cost dental implants near me,,,,,,,,,,,,,
2/8/2021,1.2,affordable senior dental implants,best dental implants {geo},dental implants near me,,,,,,,,,,,,,
2/8/2021,affordable dental implants near you,lowest cost full mouth dental implant dentist,dental implant total cost,full mouth dental implants,,,,,,,,,,,,,
2/8/2021,best implants {geo},best dental implants for seniors,cost for dental implants,dental care for seniors on medicare,,,,,,,,,,,,,
2/8/2021,affordable dental implants,1.08,best dental implant dentists near me,dental implants average cost,,,,,,,,,,,,,
2/8/2021,local dental implants,dental implants (low costs you may not believe),full dental implant cost,medicare advantage plans that cover dental implants,,,,,,,,,,,,,
2/8/2021,dental implant cost,low cost dental implants in {geo},affordable dental implants,dental implant dentist nearby,,,,,,,,,,,,,
2/8/2021,dental implant prices,affordable dental implants near you,prices for dental implants,{geo} dental implant cost,,,,,,,,,,,,,
2/8/2021,dental implants,dental implant cost,best dental implants near me,low cost dental implants,,,,,,,,,,,,,
2/8/2021,dental implants and dentures,most affordable full mouth dental implant cost,dental implants {geo},affordable dental implants near you,,,,,,,,,,,,,
2/8/2021,natural looking dental implant,cost of full mouth dental implants,dental implant dentures cost,affordable dental implants {geo},,,,,,,,,,,,,
2/8/2021,clear dental implants,dental implant prices,cost of full mouth dental implants,medicare advantage plans that cover dental,,,,,,,,,,,,,
2/8/2021,best dental implants,best single tooth dental implant deals,,,,,,,,,,,,,,,
,,,,,,,,,,,,,,,,,
,,,,,,,,,,,,,,,,,
,ADNET,INTERNAL,ADNET VOLUME,INTERNAL VOLUME,,,,,,,,,,,,,
2/15/2021,best dental implants {geo},medicare advantage plans that cover dental implants,best senior dental implants near me,dental implant prices,,,,,,,,,,,,,
2/15/2021,dental implants {geo},dental care for seniors on medicare,full set of dental implants price,full set of dental implants price,,,,,,,,,,,,,
2/15/2021,best implants {geo},best dental implants {geo},dental implant prices,affordable senior dental implants,,,,,,,,,,,,,
2/15/2021,best senior dental implants near me,dental implants near me,affordable dental implants {geo},affordable senior dental implants near me,,,,,,,,,,,,,
2/15/2021,best dental implant dentists near me,dental implant special offer,affordable dental implants near me,dental implants (low costs you may not believe),,,,,,,,,,,,,
2/15/2021,affordable dental implants near me,{geo} dental implants,affordable dental implants near you,full mouth dental implants,,,,,,,,,,,,,
2/15/2021,{geo} affordable dental implants,best dental implant dentist,dental for seniors on medicare,low cost dental implants in {geo},,,,,,,,,,,,,
2/15/2021,affordable dental implants {geo},all-on-4 dental implants,best dental implant dentists for seniors,dental for seniors on medicare,,,,,,,,,,,,,
2/15/2021,affordable dental implants near you,affordable dental implants near you,affordable dental implants for seniors,dental implant cost,,,,,,,,,,,,,
2/15/2021,best dental implants near me,affordable senior dental implants,dental implant cost,low cost dental implants near me,,,,,,,,,,,,,
2/15/2021,1.08,lowest cost full mouth dental implant dentist,dental implants cost,affordable dental implants for seniors,,,,,,,,,,,,,
2/15/2021,{geo} best dental implants for seniors,full mouth dental implants,best dental implants {geo},affordable implants near me,,,,,,,,,,,,,
2/15/2021,best dental implant dentists for seniors,0.99,dental implants average cost,dental care for seniors on medicare,,,,,,,,,,,,,
2/15/2021,dental implants near me,dental implants (low costs you may not believe),implantes dentales asequibles cerca de usted,affordable dental implants near you,,,,,,,,,,,,,
2/15/2021,dental implant cost,low cost dental implants in {geo},{geo} best dental implants for seniors,dental implants near me,,,,,,,,,,,,,
2/15/2021,dental implant prices,dental implant cost,{geo} affordable dental implants,{geo} dental implant cost,,,,,,,,,,,,,
2/15/2021,affordable dental implants,best dental implants for seniors,cost of full mouth dental implants,best dental implants for seniors,,,,,,,,,,,,,
2/15/2021,full set of dental implants price,most affordable full mouth dental implant cost,dental implants {geo},dental implants average cost,,,,,,,,,,,,,
2/15/2021,best dental implants,dental implant prices,dental implant total cost,medicare advantage plans that cover dental implants,,,,,,,,,,,,,
2/15/2021,local dental implants,best single tooth dental implant deals,dentistas de implantes dentales cerca de m,cost of full mouth dental implants,,,,,,,,,,,,,
2/15/2021,dental implants,dental implants near city,,,,,,,,,,,,,,,
,,,,,,,,,,,,,,,,,
,,,,,,,,,,,,,,,,,
,ADNET,INTERNAL,ADNET VOLUME,INTERNAL VOLUME,,,,,,,,,,,,,
2/22/2021,affordable dental implants,dental care for seniors on medicare,full set of dental implants price,full set of dental implants price,,,,,,,,,,,,,
2/22/2021,dental for seniors on medicare,dental implants near me,best senior dental implants near me,dental implant prices,,,,,,,,,,,,,
2/22/2021,dental implants near me,medicare advantage plans that cover dental implants,dental implant prices,dental for seniors on medicare,,,,,,,,,,,,,
2/22/2021,dental implants {geo},dental implant special offer,affordable dental implants near me,affordable senior dental implants,,,,,,,,,,,,,
2/22/2021,best dental implants {geo},{geo} all on 4 dental implants,affordable dental implants {geo},low cost dental implants in {geo},,,,,,,,,,,,,
2/22/2021,best dental implant dentists near me,best dental implants {geo},dental for seniors on medicare,dental implants (low costs you may not believe),,,,,,,,,,,,,
2/22/2021,best dental implants near me,best dental implant dentist,affordable dental implants near you,affordable senior dental implants near me,,,,,,,,,,,,,
2/22/2021,affordable dental implants near me,affordable senior dental implants,best dental implant dentists for seniors,affordable implants near me,,,,,,,,,,,,,
2/22/2021,best senior dental implants near me,affordable dental implants near you,dental implant cost,low cost dental implants near me,,,,,,,,,,,,,
2/22/2021,affordable dental implants {geo},0.95,best dental implants {geo},dental implant cost,,,,,,,,,,,,,
2/22/2021,{geo} affordable dental implants,low cost dental implants in {geo},implantes dentales asequibles cerca de usted,{geo} dental implant cost,,,,,,,,,,,,,
2/22/2021,affordable dental implants near you,best dental implants for seniors,dental implants {geo},dental implants cost per tooth,,,,,,,,,,,,,
2/22/2021,1.06,dental implants (low costs you may not believe),affordable implants near me,dental implants average cost,,,,,,,,,,,,,
2/22/2021,{geo} best dental implants for seniors,lowest cost full mouth dental implant dentist,{geo} best dental implants for seniors,affordable dental implants near you,,,,,,,,,,,,,
2/22/2021,best dental implant dentists for seniors,dental implants cost per tooth,{geo} affordable dental implants,2021 {geo} dental implants cost,,,,,,,,,,,,,
2/22/2021,dental implant prices,dental implant cost,dentistas de implantes dentales cerca de m,affordable dental implants {geo},,,,,,,,,,,,,
2/22/2021,full set of dental implants price,cost of full mouth dental implants,implantes dentales asequibles {geo},{geo} all on 4 dental implants,,,,,,,,,,,,,
2/22/2021,{geo} best dental implants,full mouth dental implants,best senior dental implants {geo},best dental implants for seniors,,,,,,,,,,,,,
2/22/2021,price of dental implants,full set of dental implants price,dental implants average cost,medicare advantage plans that cover dental implants,,,,,,,,,,,,,
2/22/2021,best dental implants,best single tooth dental implant deals,dental implants cost,dental care for seniors on medicare,,,,,,,,,,,,,
2/22/2021,dental implants,dental implants near city,,,,,,,,,,,,,,,
,,,,,,,,,,,,,,,,,
,,,,,,,,,,,,,,,,,
,ADNET,INTERNAL,ADNET VOLUME,INTERNAL VOLUME,,,,,,,,,,,,,
3/1/2021,dental implants,dental care for seniors on medicare,dental implant prices,dental implant prices,,,,,,,,,,,,,
3/1/2021,{geo} best dental implants,medicare advantage plans that cover dental implants,best senior dental implants near me,dental implant seniors,,,,,,,,,,,,,
3/1/2021,best dental implants,dental implants near me,affordable dental implants near me,affordable senior dental implants,,,,,,,,,,,,,
3/1/2021,medicare advantage plans that cover dental implants,best dental implants {geo},affordable dental implants {geo},dental implants (low costs you may not believe),,,,,,,,,,,,,
3/1/2021,{geo} affordable dental implants,{geo} all on 4 dental implants,affordable dental implants near you,low cost dental implants near me,,,,,,,,,,,,,
3/1/2021,{geo} best dental implants for seniors,affordable dental implants near you,dental implant seniors,low cost dental implants in {geo},,,,,,,,,,,,,
3/1/2021,dental implants near me,best dental implant dentist,best senior dental implants {geo},full mouth dental implants,,,,,,,,,,,,,
3/1/2021,best dental implants {geo},affordable senior dental implants,best dental implant dentists for seniors,affordable senior dental implants near me,,,,,,,,,,,,,
3/1/2021,affordable dental implants near me,full mouth dental implants,dental implant cost,cost of full mouth dental implants,,,,,,,,,,,,,
3/1/2021,dental implants {geo},0.84,dental implants covered by medicare,dental implant cost,,,,,,,,,,,,,
3/1/2021,best senior dental implants near me,low cost dental implants in {geo},dental implants average cost,affordable dental implants near you,,,,,,,,,,,,,
3/1/2021,affordable dental implants near you,low cost dental implants near me,dental implants cost,dental implants cost per tooth,,,,,,,,,,,,,
3/1/2021,best dental implants near me,dental implants (low costs you may not believe),best dental implants {geo},dental care for seniors on medicare,,,,,,,,,,,,,
3/1/2021,affordable dental implants {geo},dental implant cost,dental implants {geo},dental implants average cost,,,,,,,,,,,,,
3/1/2021,dental implants covered by medicare,best dental implants for seniors,implantes dentales asequibles cerca de usted,dental implants near me,,,,,,,,,,,,,
3/1/2021,best dental implant dentists near me,dental implants cost per tooth,price of dental implants,{geo} dental implant cost,,,,,,,,,,,,,
3/1/2021,0.97,lowest cost full mouth dental implant dentist,best dental implant dentists near me,medicare advantage plans that cover dental implants,,,,,,,,,,,,,
3/1/2021,best senior dental implants {geo},cost of full mouth dental implants,implantes dentales {geo},2021 {geo} dental implants cost,,,,,,,,,,,,,
3/1/2021,best dental implant dentists for seniors,dental implant prices,dentistas de implantes dentales cerca de m,affordable dental implants {geo},,,,,,,,,,,,,
3/1/2021,dental implant prices,most affordable full mouth dental implant cost,{geo} affordable dental implants,best dental implants for seniors,,,,,,,,,,,,,
3/1/2021,price of dental implants,best single tooth dental implant deals,,,,,,,,,,,,,,,
